user_id,text
1.5042E+18,@Coopbankenya I'm very frustrated. Your scheduled maintenancesince Sunday affected my access to funds in mcoop cash. I've whatsapped and called you guys &amp; still no help. Surely......I need help now please
1.5042E+18,@mbunzy001 @Coopbankenya Dm
1.50419E+18,@Coopbankenya Done
1.50419E+18,"@Coopbankenya having inboxed my issue and gotten no response, i am left with no option but to head to a coop branch tomorrow and just transfer funds to another bank..."
1.50419E+18,@CynthiaTheuri @Coopbankenya contact @AgentFemiTv to recover your hacked..banned or locked ..disabled..suspended ..locked account ..They are awesome ğŸ¤™ğŸ»
1.50419E+18,"@CynthiaTheuri @Coopbankenya I don't know why a company like this keeps doing this to its users and have no solutions to it,  not to worry cause I know ultraplus_coding_1 on Instagram can help you retrieve your account very fast... they are awesome x"
1.50419E+18,@Coopbankenya on Tuesday 15th I couldnâ€™t login into my account. Visited the umoja branch earlier today (16th) filled a form and was advised to wait for a msg. I received a msg and followed the prompts only to now get a msg that my account has been locked? Whatâ€™s going on??
1.50419E+18,@Coopbankenya this issue was ignored @CBKKenya
1.50419E+18,@Coopbankenya Check Dm..
1.50419E+18,"This is too much, no one responding, that's one way of loosing customers https://t.co/uKiD5zxJ2g"
1.50419E+18,@Coopbankenya Love co op bank
1.50419E+18,"@Coopbankenya No response, check dm"
1.50418E+18,@Coopbankenya Hey.. something wrong with mobile banking again
1.50418E+18,@Coopbankenya Check DM
1.50417E+18,@mutua_mercie @Coopbankenya @diwageni Have the services resumed on your side
1.50417E+18,@Coopbankenya can be a nuisance. I have overstayed my visit!
1.50417E+18,@Coopbankenya Respond to your inbox
1.50417E+18,@Coopbankenya The issue was sorted and all funds refunded back to my account thank you
1.50417E+18,@Coopbankenya once again could you pls check your dms?
1.50417E+18,@Coopbankenya @jush2030 @StanChartKE Has the matter been resolved?
1.50417E+18,@Coopbankenya How long does it take to update signatures? More than 3months since we opened an account yet can transact. Every time the same song signatures are not yet updated.
1.50417E+18,@Coopbankenya Check DM and revert ASAP!
1.50417E+18,"@Coopbankenya kindly help, see DM"
1.50416E+18,@Coopbankenya Nny mbaya na system zenu its really an emergency can you kindly work on them fast please
1.50416E+18,@Coopbankenya How long does it take for you to do maintenance to your app?
1.50416E+18,RT @Kenyans: Online business is the way to go for progressive owners. With @Coopbankenya's Chapa Pay you can easily get online payment andâ€¦
1.50416E+18,@Coopbankenya @Rriara Your services are shitty. Two days no response .
1.50416E+18,@Coopbankenya Very slow to respond when I'm blocked from accessing my account for days now!!!!
1.50416E+18,@Coopbankenya please help Iâ€™m didnâ€™t receive the 6 digit code and im being told to put it
1.50416E+18,@Coopbankenya why am I locked out of my own internet banking and you're not answering my DMs? Can you get back to me and fix this?!
1.50416E+18,"@Coopbankenya Hello.
I'm having challenges accessing my accounts via the new menu on Mcoop cash. Any help.

Danke!"
1.50416E+18,"@tweetsbybilly @Coopbankenya Well,its got a reputation. I dont want to get into it. Sitaki heartburn this late in the night plsğŸ˜…"
1.50415E+18,@Coopbankenya_2 @Coopbankenya I already dm'd the verified account
1.50415E+18,"@Coopbankenya_2 @Coopbankenya, what's going on here????"
1.50415E+18,@Coopbankenya kindly assist my internet banking is not working
1.50415E+18,@Coopbankenya please do let me know what i need to do to be served..
1.50415E+18,@Coopbankenya customer care is really infuriating!
1.50415E+18,@Coopbankenya Check DM.
1.50415E+18,@Coopbankenya Please Check DM and Revert
1.50415E+18,RT @ngoboardkenya: We would like to thank all our panelists &amp; online participants for taking part in the second day of our webinar discussiâ€¦
1.50414E+18,RT @NathanielOchie3: @Coopbankenya @misangosam Am not getting  coop alerts fir deposits made to collection account. No response  to emailsâ€¦
1.50414E+18,"@Coopbankenya Your customer service is really wantingğŸ¤¦
Kindly reply to my DMS and whatsapp"
1.50414E+18,"Hi @Coopbankenya, kindly check your DM"
1.50414E+18,@SmoDav @NCBABankKenya @Coopbankenya Glad it all worked out for you!
1.50414E+18,@Coopbankenya could you check my dm please
1.50414E+18,@micmkash @NCBABankKenya @Coopbankenya ğŸ˜‚ spoken word hehe
1.50414E+18,@SmoDav @NCBABankKenya @Coopbankenya Utajuwa hujuwi. They can't even co-operate with others
1.50414E+18,@micmkash @NCBABankKenya Kabisa kabisa. I moved the main accounts from @Coopbankenya to @NCBABankKenya   Imagine you need to make a payment and you canâ€™t access any services ğŸ˜’
1.50414E+18,RT @ngoboardkenya: We would like to thank all our panelists &amp; online participants for taking part in the second day of our webinar discussiâ€¦
1.50414E+18,@Coopbankenya @kathukya_brian mine is still not working I visited my nearest  branch and I was told to wait so when are we expecting it to be up and running..
1.50413E+18,@Coopbankenya check DM
1.50413E+18,RT @ngoboardkenya: We would like to thank all our panelists &amp; online participants for taking part in the second day of our webinar discussiâ€¦
1.50413E+18,"@Coopbankenya Kindly, check your DM"
1.50413E+18,"@Coopbankenya I get this after the sytem upgrade earlier communicated. on visiting your branch, my id search pulls details that do not belong to me, names and phone number. so far i cannot access my transactions https://t.co/4bbjCoGf1D"
1.50413E+18,"@Coopbankenya Been trying to call you ever since!
I received credit advise through text but balance reads -2869.
What is happening to my account??!!!!!!"
1.50413E+18,@Coopbankenya kindly check DM please
1.50413E+18,"@Coopbankenya @weritabchi Been trying to call you ever since!
I received credit advise through text but balance reads -2869.
What is happening to my account??!!!!!!"
1.50413E+18,@Coopbankenya bank Uko nmehama. Kila transactions unakatwa pesa .Unnecessary credit alerts without even subscriptions they charge as well.
1.50413E+18,@Coopbankenya Mcoop haifanyi ğŸ˜ğŸ˜ğŸ˜“
1.50413E+18,RT @ngoboardkenya: We would like to thank all our panelists &amp; online participants for taking part in the second day of our webinar discussiâ€¦
1.50412E+18,@Coopbankenya I have tried calling without success. Can I get assistance. My account is locked and I don't know why
1.50412E+18,@Coopbankenya check DM and respond.
1.50412E+18,"@Coopbankenya what an inconvenience, 3 days now yet I have no access to any branch or agent. My only mode of transacting is usually via ussd Mcoop App."
1.50412E+18,@zippy_mugure_ @Coopbankenya Imagine i went there physically  and they still had the same rubbish
1.50412E+18,RT @mumaxxl: Withdrawing all my money from @Coopbankenya jana karibu wafanye nioshe vyombo its just that my mama understands me and she paid
1.50412E+18,@Coopbankenya Still missing
1.50412E+18,@Coopbankenya did send you DM like 7hrs ago...no response
1.50412E+18,"RT @Finance_501: JOB | Product Manager-Cash Management Sales | @Coopbankenya | Commercial Banking | Nairobi, KE | Degree in Business Adminiâ€¦"
1.50412E+18,@Coopbankenya Thanks. Initially missing account is now reflecting and can transact.
1.50412E+18,@Coopbankenya Why is your mobile App disfunctional most of the times?
1.50412E+18,@Coopbankenya is there something wrong with *667# i seem nt to be able to transfer funds from bank to mpesa
1.50412E+18,@Coopbankenya note that since Sunday I am unable to access my account. This is business and I mostly use app and ussd . I have dm my account number
1.50412E+18,@Coopbankenya That is what I have been doing since yesterday
1.50412E+18,@Coopbankenya @AMwangah Both the *667# and the *266# are also not working.... ğŸ˜¢
1.50412E+18,@Coopbankenya maybe you should invest more on IT coz you APP #McoOpCash doesn't work almost every time!
1.50411E+18,"@Coopbankenya  hi team, how can access my account online? Your app isn't working and on the ussd you removed one of my accounts"
1.50411E+18,@Coopbankenya experiencing delays in mcop mobile banking kindly check that. 0716933533
1.50411E+18,@Coopbankenya I cannot Access Or Withdraw Money from My Coop account to my https://t.co/tSNfQYAb9A You understand Me Now?
1.50411E+18,@Coopbankenya the USSD and app are telling to visit the branch to update?
1.50411E+18,"@Coopbankenya @Calpahkaraba USSD isn't working as well,kindly check my DM"
1.50411E+18,@Coopbankenya why am I being asked to do this for mobile banking yet I never made the request? https://t.co/AapszgupCr
1.50411E+18,RT @mumaxxl: Withdrawing all my money from @Coopbankenya jana karibu wafanye nioshe vyombo its just that my mama understands me and she paid
1.50411E+18,RT @mumaxxl: Withdrawing all my money from @Coopbankenya jana karibu wafanye nioshe vyombo its just that my mama understands me and she paid
1.50411E+18,@Coopbankenya Phone number not found
1.50411E+18,@Coopbankenya kindly check DM
1.50411E+18,@Kenyans @Coopbankenya Explain further
1.50411E+18,RT @Kenyans: Online business is the way to go for progressive owners. With @Coopbankenya's Chapa Pay you can easily get online payment andâ€¦
1.50411E+18,"@Kenyans @Coopbankenya Hello guys i just found an special application now you can mine Bitcoins Ethereum &amp; Dogecoin in your smartphone easily download the  app and earn lot off Bitcoins i have also earned 550$. instant.Hurray
https://t.co/ncWB5Y4lkL"
1.50411E+18,@weritabchi @Coopbankenya After upgrade or downgrade the Ã—667#  responds with ...mobile number not recognized.bla bla bla...  I gave up.
1.50411E+18,RT @weritabchi: @Coopbankenya But even the linked account is not accessible.
1.50411E+18,"Online business is the way to go for progressive owners. With @Coopbankenya's Chapa Pay you can easily get online payment and ensure your business is running smoothly. Apply today!
#BankKwaFingertips 
AD https://t.co/6Gh2UvaWrq"
1.50411E+18,"Online business is the way to go for progressive owners. With @Coopbankenya's Chapa Pay you can easily get online payment and ensure your business is running smoothly. Apply today!
#BankKwaFingertips 
AD https://t.co/22Ma7HT8HY"
1.50411E+18,"@Coopbankenya @theMeruTimes as we speak rthe url isnt active...again, mission impossible..."
1.50411E+18,@Coopbankenya  what happening can't access mobile banking service
1.50411E+18,"@Coopbankenya @theMeruTimes I was sent a kink by the bank after seeking your attention with a new password.But after trying it, the kamba guy thought kikamba nikijerumani, i over heard him telling a client app haifanyi kazi we use *667#.. Few minutes after trying and failing, he requested i try it later
1/2"
1.50411E+18,Another evening to remind @Coopbankenya I'm still awaiting response to my 8AM DM
1.50411E+18,@Torooti @Coopbankenya Complete mess.
1.50411E+18,@Coopbankenya Nope. Still can't.
1.50411E+18,@Coopbankenya You aren't even being serious!!!!!
1.50411E+18,"@Coopbankenya my *667# is not working, am told to visit the nearest branch, how can this be sorted remotely? I am miles away from the nearest branch, I need my money urgently"
1.50492E+18,@Coopbankenya I canâ€™t be able to visit a branch since Iâ€™m not in the country.
1.50492E+18,@Coopbankenya check dm
1.50492E+18,"@Coopbankenya, it has been 6 days now and we still canâ€™t access our business account through *667# or online banking. Numerous calls to support and nothing coming out of it. How are we supposed to run a business if we canâ€™t pay for expenses! #fixthismess"
1.50492E+18,@Coopbankenya i need your assistance.I am un able to login into the new app.what is not happening!!!
1.50492E+18,"@Coopbankenya is this other tweeter handle @_1Coopbankenya  also your account,is it legit? No sure if I should share my details with them."
1.50492E+18,"@NyarKosele_ @Coopbankenya Step size: kubwa kubwa
Step direction : away
Departure time: Immediate"
1.50491E+18,"@Coopbankenya Specifically with city hall branch.
This is to mean i cannot open any other account at any other branch?"
1.50491E+18,"@gmmuia1 @Coopbankenya I am also experiencing the same, can't use both ussd, and downloaded new app, but shows register, yet I had done the same."
1.50491E+18,"@Coopbankenya 
https://t.co/lCSO5pxLYC https://t.co/F48bSqKL78"
1.50491E+18,"@Coopbankenya This new update has proven to be complicated to navigate. No matter how much you try, you're just locked out"
1.5049E+18,"@Coopbankenya Please call back ASAP,
Check your DM."
1.5049E+18,@Coopbankenya you're a useless bank!!
1.5049E+18,RT @AkinyiVivien: @Coopbankenya @reginanyabs Yes what's happening to 667
1.5049E+18,RT @koome_gregg: @reginanyabs @Coopbankenya @irenewamaru @conrad_jLm Unacceptable!
1.5049E+18,RT @elvoeh: @Coopbankenya @blacc_olili @reginanyabs @Coopbankenya 2hrs at the branch and still no help....your systems aren't working.....ğŸ˜¡â€¦
1.5049E+18,"@Coopbankenya 
https://t.co/etJxoTpDte
https://t.co/etJxoTpDte"
1.5049E+18,"@Coopbankenya 
https://t.co/etJxoTpDte https://t.co/PqTtjaaKdO"
1.5049E+18,@Coopbankenya I cant log in through the new app... I have tried resetting the password to no avail..Kindly reveet back
1.5049E+18,"@Coopbankenya Ensure to have ITIL's ITSM certification as a requirement for this post.

https://t.co/GZylaCxAxb

Thank me later"
1.5049E+18,"@Coopbankenya 
https://t.co/lCSO5pxLYC
https://t.co/lCSO5pxLYC"
1.5049E+18,"@Coopbankenya 
https://t.co/lCSO5pxLYC https://t.co/WY7o9o52Cb"
1.5049E+18,"@Coopbankenya @CarlMaghanga Check your DM, I've texted you guys for 4 days now and you've not replied"
1.5049E+18,@Coopbankenya What wrong with my mcop cash account am getting reply that my number doesn't exit and its the same number
1.5049E+18,@Coopbankenya Are you serious with this  ama you advertise when already you have pple already... We just apply tu for formality ğŸ¤”
1.5049E+18,@Degrata254 @Coopbankenya kujeni msome comments hapa... other banks will Soon poach your clients
1.5049E+18,@Coopbankenya check your DM
1.5049E+18,"@JavanJnr @Coopbankenya So am not the only one experiencing this?
It has cost me a lot of troubles on the last two Christmas celebrations. Masaa ya kulipa bills inafika then boom...'service not available ğŸ˜‚'"
1.5049E+18,"@Coopbankenya Mambo iko sawa,shukran."
1.50489E+18,@Coopbankenya what's happening with your mobile app? Both USSD and app are not working.
1.50489E+18,@Coopbankenya @OngereRoy ???????????????????? ğŸ¤”
1.50489E+18,"@Pharisee101 @Coopbankenya They need to address this issue, it cost me a plane ticket"
1.50489E+18,"@Coopbankenya @manuskii @conrad_jLm Why do you keep sending this silly message and you know the systems are blocked. Nkt
@RobertAlai .help us"
1.50489E+18,"@conrad_jLm @Coopbankenya ,is a complete useless entity..
People are lining up at the banking hall like cattle, to withdraw money.
People should withdraw their savings from this bank..
Insensitive bank
Ati give us your account details we DM"
1.50489E+18,@Coopbankenya What of a competent guy without a degree?
1.50489E+18,@rogutudd @Coopbankenya @StanChartKE ThanksğŸ˜Š
1.50489E+18,Hi @Coopbankenya I am still waiting to you to respond to my DM. Jamani! This new app is not working!!! https://t.co/IfTYqJDCO9
1.50489E+18,@_wambuiwainaina @Coopbankenya Try @StanChartKE
1.50489E+18,RT @KIBankers: .@Coopbankenya posts a 52.8 percent growth in net year earnings with profit hitting Kes16.5 billion from Kes10.8 billion onâ€¦
1.50489E+18,@Nyar_Yimbo22 @Coopbankenya @StanbicKE Thanks ğŸ˜Š
1.50489E+18,@Coopbankenya what's wrong with the bank? I can only get access to one account and the other ain't there which means I can't transact
1.50489E+18,"@Coopbankenya customer care, are you there??? Calls go unanswered!"
1.50489E+18,@Coopbankenya The app refuses to work and after multiple times of refusing the actual password u input another thinking that the actual one was wrong only for your account to be locked ğŸ˜’ğŸ˜’ğŸ˜’
1.50489E+18,"@conrad_jLm @Coopbankenya For the sake of your clients, just delete the app."
1.50489E+18,@_wambuiwainaina @Coopbankenya @StanbicKE all the time
1.50489E+18,"RT @TheAbojani: IN THE WEEK
1âƒ£@StanChartKE profit after-tax grew by 67% in 2021  to Ksh 9b

2âƒ£Carbacid half-year profit after tax increasedâ€¦"
1.50489E+18,"@conrad_jLm Sasa nitalipaje @Coopbankenya deni Yao.
Thank GodğŸ˜­ğŸ¤£ğŸ¤£"
1.50488E+18,"RT @TheAbojani: IN THE WEEK
1âƒ£@StanChartKE profit after-tax grew by 67% in 2021  to Ksh 9b

2âƒ£Carbacid half-year profit after tax increasedâ€¦"
1.50488E+18,@Coopbankenya @AkinyiVivien Downloaded the app and getting error 'check the email address format'
1.50488E+18,What?? Naskia naweweâ€¦@Coopbankenya naona tukihamaâ€¦ https://t.co/EXMF3rKlzh
1.50488E+18,"IN THE WEEK
1âƒ£@StanChartKE profit after-tax grew by 67% in 2021  to Ksh 9b

2âƒ£Carbacid half-year profit after tax increased by 71% to Ksh 361m

3âƒ£@Coopbankenya announced a 52% rise in net income to Ksh 16.5b

4âƒ£@KCBGroup announced a 74% jump in net profits to Ksh 34.2b"
1.50488E+18,@Coopbankenya hi... Kwani what's happening na Mcop ussd codes.... Zinasema my account is locked..
1.50488E+18,@Coopbankenya Why am I still getting this message https://t.co/jpZM50UzhC
1.50488E+18,@Coopbankenya My USSD code not working saying PIN SET FAILED CONTACT BANK downloaded the App....trying to login...says Details don't match with what you have ğŸ¤”ğŸ¤”ğŸ™†â€â™‚ï¸ğŸ™†â€â™‚ï¸.....Am far away and unreachable to any Co-oP Bank...check DM and assist....
1.50488E+18,@Coopbankenya Kindly check DM
1.50488E+18,RT @_wambuiwainaina: Is @Coopbankenya really a bank ama ni sacco? ğŸ˜¡ Charges ziko juu vibaya sana plus iyo upgrade Yao ni ufala tupuğŸ˜¡ itabidâ€¦
1.50488E+18,"@Coopbankenya_2 @Khahu_kani Mercy, this is a fake account. Don't fall for it"
1.50289E+18,@Coopbankenya @josiocie
1.50289E+18,@Coopbankenya @GideonBiwott3 najua hapa huwezi niangusha mtu wanguğŸ¤£ğŸ¤£
1.50488E+18,"@Coopbankenya Balance from my own account on Phone shouldn't be charged. 
Petty charges all the TIME making mega profits yet % of interest are the worst. 
Go to Facebook or other channels see complaints left right, centre. 
How does my account get a ball 1004.67 cents? Theft"
1.50488E+18,@Tolah_tolah @Coopbankenya Scammers those ones nkt
1.50488E+18,@_wambuiwainaina @Coopbankenya Hii upgrade yao ya juzi ni ufala mbaya sana their app is still under maintenance hawajui ata itakuwa up when the charges walai ğŸ¤¦ğŸ¾â€â™‚ï¸
1.50487E+18,@Lovingson_ @Coopbankenya @StanChartKE ThanksğŸ˜Š
1.50487E+18,@_wambuiwainaina @Coopbankenya @StanChartKE is where its at ğŸ‘ŒğŸ’¯
1.50487E+18,Is @Coopbankenya really a bank ama ni sacco? ğŸ˜¡ Charges ziko juu vibaya sana plus iyo upgrade Yao ni ufala tupuğŸ˜¡ itabidi tuhame.... someone suggest a better bank please ğŸ¥ºğŸ˜­
1.50487E+18,@Coopbankenya izi ni gani tena?ğŸ¤” https://t.co/17ahFAcBz4
1.50487E+18,"@Coopbankenya
Kindly provide alternative how to access my account online banking. The current one shows only MCoopCash account inquiry with no option to choose like previous.
Thank you."
1.50487E+18,@Coopbankenya @irenewamaru @conrad_jLm You change and then you want me to answer questions and when given the right answers your new old ussd refuses to work. Very frustrated.
1.50487E+18,"@Coopbankenya_1 I can tell you for free, your customer service is wanting. As much as there are teething problems with your systems upgrade, mko Chino in sorting the bug issues that lock out your clients from mobile banking services. Should we start a #tag?"
1.50487E+18,@Coopbankenya You have ignored by dms in totality.thanks for making life's miserable for us.
1.50487E+18,@conrad_jLm But when you visit one of their @Coopbankenya  branches you get asssisted.I was assisted at Ridgeways Branch by one of their staff called ISAAC in less than 3 minutes i got a message from the phone guided on how to follow the prompt and i was ready to go
1.50487E+18,"Jameni @Coopbankenya i am my mothers only son, sangwenya watanimaliza apa kwa disco."
1.50487E+18,@Coopbankenya @KCBGroup @KeEquityBank @nationalbank @DCI
1.50487E+18,"Hi @Coopbankenya please assist, I am unable to transfer cash from my account to Mpesa, it says there's an error.
Kindly assist, it's urgent!"
1.50487E+18,@Coopbankenya When I try to access mobile banking..the information I get is that my phone https://t.co/Tzlpzr5fSJ not found
1.50487E+18,"@Coopbankenya  Still waiting to hear from you, please check your  dm"
1.50487E+18,"RT @KIBankers: The 5 banks that have reported so far have paid an average 41.5% of their total profits after tax as dividends.

The 5 banksâ€¦"
1.50486E+18,@Coopbankenya @thieriEngineer The system is asking questions and telling me I got the answers wrong. I can't access my account on 266 and 667.
1.50486E+18,Kenya Power actually responds to DM and actions way faster than @Coopbankenya . Unbelievable!!
1.50486E+18,@Coopbankenya check ur DM
1.50486E+18,RT @Coopbankenya: Admin ana swali; ukitoa savings kwa locked account iyo ndo kutoa lock?ğŸ¤” https://t.co/Ui1lpJ4oZW
1.50486E+18,"RT @Coopbankenya: Leo Admin hayuko areağŸ¤« Assistant Admin ako hapa, niwasaidiaje leo?ğŸ¤” Na msiombe numberğŸ¤­ https://t.co/ZdghCxPM7I"
1.50486E+18,@Coopbankenya Been on hold for about 10 minutes. I thought I had direct access. Check yourselves!
1.50486E+18,The new app requires activation and its not automated. https://t.co/cqxYtBC4nL
1.50486E+18,@Nyasirwa @Becky_Nalepo @ArapTilingi @Ascar29_ @Coopbankenya @SassySalssy Asiii!
1.50485E+18,"@Becky_Nalepo @Nyasirwa @ArapTilingi @Ascar29_ @Coopbankenya @SassySalssy Unaingizwa box haraka aje? Kwani uko ""cheap""ğŸ˜‚"
1.50485E+18,@Coopbankenya Why is your Customer Service not responding to DMs??  Neither queries from whatsApp line ??
1.50485E+18,@Coopbankenya Again I'm being asked to reset mbanking pin and this time it is failing. You seem to have a serious system problem.
1.50485E+18,@Coopbankenya @reginanyabs Mpaka saa hii jameni mna nini?
1.50485E+18,@Coopbankenya @Coopbankenya  why is your 667 deducting money when paying on mpesa even if unsuccessful...how longbdo you take for reversal
1.50485E+18,@Coopbankenya Sure sharing right now
1.50485E+18,@Coopbankenya You're not even picking calls what's with you guys 8 mins waiting to be served just having your bot playing
1.50485E+18,@Coopbankenya Pesa mmerudisha? Tutajuaje?
1.50485E+18,@Coopbankenya My mcoopcash app isn't working i try to log in it tells me app under maintainance since last thursday
1.50485E+18,@Coopbankenya Check on your dm
1.50485E+18,@Coopbankenya @irenewamaru @conrad_jLm The USSD codes are for changing the password. I just want to access my account
1.50485E+18,@Coopbankenya @irenewamaru @conrad_jLm No money lost though @KeEquityBank
1.50485E+18,It's now +10h @Coopbankenya how much for you to check DM
1.50485E+18,@Nyasirwa @ArapTilingi @Ascar29_ @Coopbankenya @SassySalssy @mogire_jusper Ooh! Hapo naweza kubali ğŸ˜‚ğŸ˜‚
1.50485E+18,@Becky_Nalepo @ArapTilingi @Ascar29_ @Coopbankenya @SassySalssy @mogire_jusper ğŸ˜‚ ğŸ˜‚ Ni yeye aliniambia niseme hivyo
1.50485E+18,@ThCharlesPrince @Coopbankenya Aki mimi hii benki sijui nani ananilazimisha nayo. Nimechoshwa!
1.50485E+18,@Nyasirwa @ArapTilingi @Ascar29_ @Coopbankenya @SassySalssy Leo @mogire_jusper ako Innocent. It was you!ğŸ˜‚
1.50311E+18,@Coopbankenya @Coopbankenya
1.50309E+18,@Rapemo2 @Coopbankenya https://t.co/M8f3xHfEG0
1.50308E+18,@Coopbankenya A friend
1.50308E+18,@Coopbankenya youâ€™re a scam how can you be having problems everydayğŸ˜
1.50308E+18,@Coopbankenya  is Mediocre
1.50307E+18,@airtel_data @Coopbankenya Wewe tuone tu na iyo network iko na issue
1.50305E+18,@wegesawegesa @PhillipMacloud @Coopbankenya ğŸ˜‚ğŸ˜‚
1.50305E+18,@_arapKirui @PhillipMacloud @Coopbankenya When did this happen? I'm not aware nilikua nimeokoka!
1.50305E+18,@wegesawegesa @PhillipMacloud @Coopbankenya ğŸ˜‚ğŸ˜‚bwana Wegesa hujaokoka tena
1.50305E+18,"All roads in Homabay are heading to Nyatoto primary school on 21st, March,2022 to celebrate this important day.
All are welcome! #InternationaldayofForests
@CsoHomabay 
@HomaBayGovt 
@KeForestService 
@Coopbankenya 
@WorldVisionKE 
@Environment_Ke 
@kwskenya 
@KenyaRedCross https://t.co/0KLtwKtGe4"
1.50305E+18,@PhillipMacloud @Coopbankenya @_arapKirui Lock removal is tomorrow. Right now bado ni installation process! ğŸ˜… ğŸ˜…
1.50305E+18,@Kenyans Robert Ndung'u has specialised in plagiarising content. This thing called Kenyans just steals content. Its a shame corporates such as @Coopbankenya associate with it. SHAME! @MediaCouncilK @KenyaCopyright
1.50305E+18,RT @Coopbankenya: Tag ule beste yako mwenye akipewa hii breakfast aimalize hawezi kuangushağŸ¤­ https://t.co/ell61xoZTV
1.50303E+18,@Coopbankenya Tupee number walae
1.50303E+18,"@Coopbankenya Chapa Pay eCommerce platform is payment card industry â€“ data security standard (PCI-DSS) compliant ensuring safety and security of customer card details #BankKwaFingertips 
https://t.co/cLLPudsshL https://t.co/oCtEOi5S7o"
1.50303E+18,@Coopbankenya C tukupe zetu nmbr
1.50302E+18,@Coopbankenya check DM
1.50302E+18,@Coopbankenya ğŸ™„ğŸ™„ğŸ™„
1.503E+18,RT @Coopbankenya: Tag ule beste yako mwenye akipewa hii breakfast aimalize hawezi kuangushağŸ¤­ https://t.co/ell61xoZTV
1.503E+18,@Coopbankenya did you refund the amounts you deducted from customers? Or you're delaying so that we forget? Will we get interest on it? Update ASAP!
1.50299E+18,@Coopbankenya_1 0745949626
1.50299E+18,"@Coopbankenya Dear EUNICE MAINA, you have sent Ksh. 60000.0 to STEPHEN KIROCHI JOHN 01192******000 
 
Money is yet to reflect in my account???"
1.50299E+18,@Coopbankenya ğŸ¤£ğŸ¤£
1.50299E+18,RT @Coopbankenya: Weekend imeisha haraka aje?ğŸ˜„Mimi kama Admin naskia nikama tumecheswo!ğŸ¤­ https://t.co/m8a0lOOILw
1.50298E+18,RT @Coopbankenya: Weekend imeisha haraka aje?ğŸ˜„Mimi kama Admin naskia nikama tumecheswo!ğŸ¤­ https://t.co/m8a0lOOILw
1.50298E+18,@Coopbankenya Weekend ikae Sana itumalizie pesa? Kasonge
1.50298E+18,"RT @MwangoCapital: 1. Banksâ€™ Earnings Ahead

- Standard Chartered [@StanChartKE] will release its results tomorrow.

- Absa [@AbsaKenya], Eâ€¦"
1.50298E+18,Weekend imeisha haraka aje?ğŸ˜„Mimi kama Admin naskia nikama tumecheswo!ğŸ¤­ https://t.co/m8a0lOOILw
1.50297E+18,@Coopbankenya Sisemi kitu
1.50297E+18,"RT @MwangoCapital: 1. Banksâ€™ Earnings Ahead

- Standard Chartered [@StanChartKE] will release its results tomorrow.

- Absa [@AbsaKenya], Eâ€¦"
1.50297E+18,@charoville @Coopbankenya Mpesa was down since midnight
1.50297E+18,"RT @MwangoCapital: 1. Banksâ€™ Earnings Ahead

- Standard Chartered [@StanChartKE] will release its results tomorrow.

- Absa [@AbsaKenya], Eâ€¦"
1.50297E+18,@Coopbankenya So tangu Tuesday hamjaona DM yangu
1.50297E+18,@Coopbankenya Done
1.50297E+18,@Coopbankenya Been trying to Paybill since last night but not successful.... Why is this so.?
1.50296E+18,@Prokawas @Coopbankenya  niko apağŸ˜‚ğŸ˜‚
1.50295E+18,"1. Banksâ€™ Earnings Ahead

- Standard Chartered [@StanChartKE] will release its results tomorrow.

- Absa [@AbsaKenya], Equity [@KeEquityBank], KCB [@KCBGroup], and Cooperative [@Coopbankenya] slated to release their annual results mid this week. https://t.co/hoV4VDnVkW"
1.50295E+18,@Coopbankenya @QilwakeBram kikombe utaona ni hii apağŸ˜‚ju hio ya Kenya Cup kidogo imekupiga chenga
1.50295E+18,"@Coopbankenya Yeah, I got it yesterday"
1.50295E+18,@gatuhangugi ğŸ¤­greatness https://t.co/spcWsHI74l
1.50295E+18,@Coopbankenya Kindly reply my dm
1.50293E+18,@Coopbankenya ğŸ˜‚ğŸ˜‚ğŸ˜‚
1.50292E+18,@Coopbankenya I heard that you reviewed the charges of transferring money from Mpesa to a coop bank account. How much am I charged in new charges to transfer Ksh. 2000?
1.50292E+18,RT @maliks_88: Would have tagged my 5 friends who are your Tellers but they are never there....
1.50292E+18,@ne3mo__  you up?ğŸ˜‚ğŸ˜‚ğŸ˜‚ https://t.co/dVat3G8BjQ
1.50291E+18,@Coopbankenya I cant remember the answers to the secret questions i had chosen how can i be helped
1.50291E+18,@Cofek_Africa @SafaricomPLC @PeterNdegwa_ @Coopbankenya @Safaricom_Care @CBKKenya @CAK_Kenya https://t.co/MuWMVsJDNw
1.50291E+18,@Coopbankenya @MwangiSGM hapo sawa
1.50291E+18,@Coopbankenya @ kaoh263
1.50291E+18,@Coopbankenya @ lenny
1.50291E+18,@Coopbankenya @fraisefrancis  Huwezi nifeli
1.50291E+18,@Coopbankenya si mtatumaliza jamaneni? Sasa hio pesa imeenda wapi? Explain like you would to a nursery school kid. Ni rent nimelipa kwa kua na account na nyinyi ama? https://t.co/vNYp566rwB
1.50291E+18,Would have tagged my 5 friends who are your Tellers but they are never there.... https://t.co/RH478360N8
1.50291E+18,Karibu nishibe https://t.co/23Sv0DZltV
1.50291E+18,@Wahinya_Charlie @Coopbankenya @JohnNgeru atasema ati hii ni pre game
1.50291E+18,@Coopbankenya I have tried login to the new app but cant remember setting a user name what actually is thw user name
1.5029E+18,@Coopbankenya If you ought to be in the front desk you better be polite and give me that number or you gon' lose your job.
1.5029E+18,@Coopbankenya @iamlegitdaily atasema hata hii ni kidogoğŸ˜‚
1.5029E+18,@Coopbankenya On it
1.5029E+18,"@Coopbankenya @KeEquityBank @EngnrDan @KCBGroup @AIRTEL_KE Ok
 On it"
1.50289E+18,@meshackrotukz @Coopbankenya ğŸ¤£ğŸ¤£ğŸ¤£ğŸ¤£ğŸ¤£ waaa
1.50289E+18,@tirnaoge25 @Coopbankenya Jesus Christ why the bile on a Sunday morning for heaven sakes ğŸ™‚
1.50289E+18,RT @Coopbankenya: Tag ule beste yako mwenye akipewa hii breakfast aimalize hawezi kuangushağŸ¤­ https://t.co/ell61xoZTV
1.50289E+18,"@Coopbankenya @wegesawegesa ğŸ¤£ğŸ¤£ğŸ¤£ğŸ’”
Ref: @_arapKirui kuja hapağŸ¤£ğŸ¤£
Explain why you have been off too,aii,ama pia wewe unatoa lockğŸ¤£"
1.50289E+18,"@Coopbankenya My mcoopcash has never worked,, I've not been able to login since 2019, it's absurd"
1.50289E+18,@Coopbankenya DONT BE SILLY
1.50289E+18,RT @Coopbankenya: Tag ule beste yako mwenye akipewa hii breakfast aimalize hawezi kuangushağŸ¤­ https://t.co/ell61xoZTV
1.50289E+18,Tag ule beste yako mwenye akipewa hii breakfast aimalize hawezi kuangushağŸ¤­ https://t.co/ell61xoZTV
1.50288E+18,@Wordslinger__ @Coopbankenya kikuyu refused me to enter their banking hall
1.50285E+18,RT @Coopbankenya: https://t.co/Y22Cs92sLw
1.50285E+18,@Coopbankenya Why don't i qualify for the salary loan advance...
1.50278E+18,@Coopbankenya Bull shit..am in SA and i can't pay a simple 5k bill...always send memo upfromt......#amleavingcoop....
1.50277E+18,@Coopbankenya @thukurezz Check Dm
1.50277E+18,@Coopbankenya @WaiitheraK Check Dm
1.50277E+18,@Coopbankenya @danteez_c Check Dm
1.50277E+18,@Coopbankenya Thanks
1.50277E+18,@Coopbankenya check dm
1.50276E+18,@Coopbankenya check dm???
1.50384E+18,@Coopbankenya Monday ilipita bana
1.50383E+18,@Coopbankenya I'm getting balance messages and haven't requested for the balance today. Is it just me or what's going on?
1.50383E+18,@MrBlasted @Coopbankenya Ata kusign up sijawahi go through ğŸ˜©
1.50383E+18,"@Coopbankenya 
I happened to have forgotten my pin for the ATM to the YEA account, I don't know whether or not it is blocked. How can I change or get a new password online and if so blocked, how can you assist me to do the unblocking. I can't access the closest bank BCS it's far"
1.50382E+18,@Coopbankenya https://t.co/yaFz6VD0pj
1.50382E+18,@Coopbankenya https://t.co/C6xh2cHejE
1.50382E+18,@Coopbankenya Please do something....I have the new app but still can't access your services..... https://t.co/yqF0UmlhqL
1.50382E+18,@Coopbankenya it's so sad once I called one of your customer service agent he told me to dial a number with so many stars then get a message later on he told me to top up Ksh 5000 in order to allow me to acces my mbanking services.. just fuck off
1.50382E+18,"@Coopbankenya 
Check this Twitter handle 

@Coopbankenya_1

They picked my query on your Mbanking downtime that I raised on your platform, called using 0202500234 and it seems I've lost my moneyğŸ˜’ğŸ˜’"
1.50382E+18,"@Coopbankenya 10%-tithe
30%-rent
30%-savings
30-Expenditures"
1.50381E+18,@Coopbankenya @diwageni Nothing seems to be working.....how hard can it be to fix something for 3days
1.50381E+18,@Coopbankenya Shame on you! You have the audacity to make jokes when you are offering such shit services...wow. Shame on you.
1.50381E+18,"@Coopbankenya @CBKKenya Can one of your customer care representative call me back, the query I had has not been addressed. I have DMd you my phone number"
1.50381E+18,"@Coopbankenya 
If there is a useless bank in terms of mobile services it is you.
24/7 technical issues"
1.50381E+18,"@Coopbankenya Hello Coop, kindly address me on an issue i raised by DM. I await your response. Thank you."
1.50381E+18,"@Coopbankenya 
Hi 
if there is a bank that we request to be closed as soon as today it is coopbank
How long does it take to update the account balance"
1.5038E+18,@Coopbankenya @kathukya_brian Such an inconvenience
1.5038E+18,@MashinaniMedic @Coopbankenya Im still struggling now imagine ğŸ¥²ğŸ¥²ğŸ¥²
1.5038E+18,@Kar3Foward @Coopbankenya It obviously doesnâ€™t ğŸ¥²ğŸ¥²ğŸ¥² yuck. ğŸ˜ƒ
1.5038E+18,@Coopbankenya check dm
1.5038E+18,@Coopbankenya Check DM as well
1.5038E+18,"RT @SirAlexas: So many people at @Coopbankenya enquiring about their accounts and none of their stuff seem to know what is going, they justâ€¦"
1.5038E+18,@Coopbankenya hello. why are you not helping me...
1.5038E+18,"RT @BiznaKeOfficial: How @Coopbankenya digital footprint has grown in Kenya. 
https://t.co/a1jRRlC0hZ"
1.5038E+18,@Coopbankenya_1 what's up with your mobile banking services? I can't access money.
1.50379E+18,@Coopbankenya check DM
1.50379E+18,@Coopbankenya Eve right now
1.50379E+18,@Coopbankenya still having this issue and it has not been addressed! I canâ€™t access my account through mobile banking Iâ€™m not getting that 6 digit code. What is happening??? https://t.co/PoCxp7Hdcj
1.50379E+18,@Coopbankenya @EugeneIkua Please check DM and answer...
1.50379E+18,@Coopbankenya This is the third day and you are not updating us onthe progress of your maintenance!!! Do we need to complain in your TL to act/respond????? https://t.co/IBPBjgkYXQ
1.50379E+18,@Coopbankenya Please check DMs
1.50379E+18,@Coopbankenya @GikeraJ So itâ€™s restored but not fully restored? You guys!
1.50379E+18,@Coopbankenya Please reply our message.
1.50379E+18,@Coopbankenya why this?? And you've not responded to my DM.smh. https://t.co/ybiKLNDQhT
1.50379E+18,@Coopbankenya Hi..
1.50379E+18,@Coopbankenya @Coopbankenya Still waiting for the restoration of the service. Worse still you locked my account on *667#... https://t.co/qgpmCbGldN
1.50379E+18,"@Coopbankenya  please check this Twitter handle @Coopbankenya_1 they are picking your clients queries that are raised on SM platforms, they are calling using 0202100075. Your customer care services are pathetic though, they donâ€™t answer calls @CBKKenya @kenyapolices"
1.50379E+18,"So, with the new app we don't have to visit the bank again after installing? https://t.co/9IARYgZu4W"
1.50379E+18,@Coopbankenya @blackenyan Check dm
1.50379E+18,@Coopbankenya replying... why is your bank soo poor this days
1.50379E+18,@Coopbankenya Can you respond to my DM!
1.50379E+18,@SirAlexas @Kvaati @Coopbankenya Be patient with the *STAFFS
1.50379E+18,@DLUDOGOLI @Coopbankenya Okay
1.50379E+18,@Coopbankenya why are you not replying..
1.50379E+18,@andiah_6 @Coopbankenya Kindly be changing all the time
1.50379E+18,@Coopbankenya How long does it take to receive a reply to a query?
1.50379E+18,"RT @andiah_6: @DLUDOGOLI @Coopbankenya Ata atm mi I keep on blocking my pin, hua wananichagulia tu ngumuğŸ˜‚"
1.50379E+18,@stephenmateri @Coopbankenya How long should we wait...72hrs..is way long
1.50379E+18,"RT @MwangoCapital: Done with @StanbicKE and @StanChartKE. 

Later today: @AbsaKenya.

Super Thursday coming up with @KCBGroup, @KeEquityBanâ€¦"
1.50379E+18,@Coopbankenya Upto now the system is not working
1.50379E+18,@olemutaka @Coopbankenya Till now... nothing is working
1.50379E+18,@Coopbankenya @diwageni You didn't send... otherwise we wouldn't be stranded...you owe us alit for the inconveniences...now it's  the third day... nothing seems to work...
1.50379E+18,"@DLUDOGOLI @Coopbankenya Ata atm mi I keep on blocking my pin, hua wananichagulia tu ngumuğŸ˜‚"
1.50379E+18,@Coopbankenya I have just transferred money to my account but inasema balance ni ile ile tu.. what's wrong
1.50379E+18,@Coopbankenya check Dm
1.50378E+18,@Coopbankenya Am trying to send money to mpesa but it's not working kindly let me know whether the system is still under maintenance or it doesn't work at night
1.50378E+18,"@Coopbankenya Hello, please see DM, thank you."
1.50378E+18,@Coopbankenya Oya?
1.50378E+18,@marloneo @Coopbankenya @KeEquityBank @AbsaKenya Ni izo normal tuh like other banks..they don't require anything extra..the LPO they offer are unsecured and discounts on invoice
1.50378E+18,@Coopbankenya  is there something wrong with your mobile banking platform? I did a deposit to an account but I have not received the confirmation
1.50378E+18,"@Tushmine @Coopbankenya @KeEquityBank @AbsaKenya @AbsaKenya apart from the normal business documents, what are some of the conditions for business account?"
1.50378E+18,"@marloneo @Coopbankenya @KeEquityBank @AbsaKenya The app is very much stable bro...ever since I started using it, haijai kua na downtime ama unnecessary updates..app iko orderly"
1.50378E+18,"@Tushmine @Coopbankenya @KeEquityBank @AbsaKenya Wow!!! I'd love that. 
What about the app?"
1.50378E+18,@marloneo @Coopbankenya @KeEquityBank @AbsaKenya Zero monthly charges and zero downtime..cheques you can cash them on the spot
1.50378E+18,"@Coopbankenya Can I atleast have a timeline to work with?
Because I couldn't even swipe my card ğŸ¤·ğŸ½â€â™‚ï¸"
1.50378E+18,@Tushmine @Coopbankenya @KeEquityBank @AbsaKenya Do they have a monthly charges?
1.50378E+18,@marloneo @Coopbankenya @KeEquityBank @AbsaKenya Very very much bro..I use it business wise
1.50378E+18,@Coopbankenya i called customer care whole afternoon and evening hours and mfs didnt pick.Your customer care services are now shitty in a way unlike sometimes back.
1.50378E+18,"@Coopbankenya I can't log in. The button for logging in after you enter your password says ""Please wait"""
1.50378E+18,@Tushmine @Coopbankenya @KeEquityBank Is @AbsaKenya business friendly?
1.50378E+18,@Coopbankenya Your customer care services is wanting
1.50378E+18,@Coopbankenya Please assist on DM
1.50378E+18,@marloneo @Coopbankenya @KeEquityBank Avoid equity bro..I would advise you move to Absa
1.50377E+18,@Brian_Opeth @Coopbankenya You go be patient with them and your money
1.50377E+18,"@Coopbankenya ussd code: please answer the following security questions

I answer

@Coopbankenya : wrong response

I am wondering what ID number and life details they have that I don't because I can't be wrong about my mother's maiden name."
1.50377E+18,@Coopbankenya Hi. Just wondering if you set your system to ask us to change passwords on the mobile banking platform. Please advise all Kenyans that itâ€™s you who sent itâ€™s many of my collÃ¨gues have been asked the same. Asante sana.
1.50377E+18,"@Coopbankenya Dear Customer your available balance for account as at 2022-03-15 09:11 is KES 511.04 and book balance is KES 511.04.

Why do i keep receiving this message is somebody trying to hack my account or its already wiped and remained 511 bob wacheni mchezo"
1.50377E+18,"@SirAlexas @Coopbankenya The upgrades can mean alot of things ..system downtime,upgrades or system overhaul..it's called customer management..you gotta be patient with them.."
1.50377E+18,"@Coopbankenya Hey,what are some of the developments made after the app update,something to do with E-loans is my subject. Any link to read more.?"
1.50377E+18,"@Coopbankenya requesting reversal for transaction:Ref:AAACE6730C22: Dear LEAH, MPESA transfer of KES 70000 to GLADYS WAINAINA-254723450345 was successful.MPESA Ref:QCF9QC3CFL"
1.50377E+18,I have been forced to drive 5kms to access @Coopbankenya ATM surely who does this ....
1.50377E+18,"@Coopbankenya MB, that was 5hrs ago."
1.50377E+18,@Coopbankenya what is happening with your Mbaking services...mnaeza fanya mtu alale jela
1.50377E+18,"@Coopbankenya_1 @mgkwena I did it yesterday nothing fruitful, what else do you want me to do?"
1.50377E+18,"RT @SirAlexas: So many people at @Coopbankenya enquiring about their accounts and none of their stuff seem to know what is going, they justâ€¦"
1.50377E+18,@Coopbankenya my mobile banking isnâ€™t working ??? Why ?
1.50377E+18,@Coopbankenya Why are you guys hurting your customers like this you should be ashamed of yourselves
1.50377E+18,@Coopbankenya What the hell is going on https://t.co/8sqWV90OOQ
1.50377E+18,@Coopbankenya_1 Just open my account simple!!
1.50376E+18,Please check my Dm @Coopbankenya
1.50376E+18,"@Coopbankenya Are you updating the new app because Iâ€™ve been trying to access it with no vain, tried calling customer care no response"
1.50376E+18,You people aren't serious 2 days now I can't access my money.0718325351 https://t.co/ZenmvPGcaE
1.50376E+18,@Coopbankenya_1 This is so crazy
1.50376E+18,@Coopbankenya your mobile banking keeps failing every now and then. Relatability is all we want. Is that too hard to ask for?
1.50376E+18,Hi @Coopbankenya can i open a dollar or pound account online?
1.50376E+18,"@Coopbankenya our businesses are on hold. One minute mobile banking is working, the other minute itâ€™s not. Give a solution once and for all!!"
1.50376E+18,"@Coopbankenya What about this maintenance, can't access my money since yesterday!!!Eti my account is locked!!"
1.50376E+18,@Coopbankenya @KunguWaKarumba Then how do we register so that we can have access? Am trying but it keeps on say try later
1.50376E+18,"@Coopbankenya ,ng'ombe ici muugire mÃºtikwaria ÃºmÃºthÃ­ ?

MÃºrohÃ­a nda mÃºgiÃ§Ãºnga."
1.50376E+18,@KeEquityBank @Coopbankenya Does this also apply to a business account?
1.50456E+18,"@conrad_jLm Wait, what???? @Coopbankenya could you clarify on this?"
1.50456E+18,"@Njokks @Coopbankenya I went to activate my account. A month later no communication has been made, I am planning to quit and join @KCBGroup ."
1.50456E+18,"@Coopbankenya Niko na ""kiuliso"" https://t.co/tQYsWYc4lH"
1.50456E+18,@Gitz__ Internship opportunity kwa the best @Coopbankenya
1.50456E+18,@Kenyans @Coopbankenya With coop?Never ever can't try won't try. Maybe another bank
1.50456E+18,"@Coopbankenya how long does it take for you guys to work on your mobile banking app maintenance? I have had a fucked up day because of you guys!
Even the code *667# hasn't been prompting anything on my endğŸ¤•"
1.50455E+18,@conrad_jLm @Coopbankenya you need to respond here.
1.50455E+18,@Gitz__ @Coopbankenya ğŸ’¯
1.50455E+18,@Coopbankenya no reply to my DM
1.50455E+18,@JeffoA @Coopbankenya I can't make any transactions with mco-op cash due to maintanance since tuesday
1.50455E+18,"@NokiOmondi @conrad_jLm Ati?! 
What mathogothanio is @Coopbankenya ?!"
1.50454E+18,RT @MaudhuiHouse: .@Coopbankenya posts a 52.8 percent growth in net year earnings with profit hitting Kes16.5 billion from Kes10.8 billionâ€¦
1.50454E+18,@Coopbankenya oya
1.50454E+18,"RT @sarcastic_trump: Follow them belowÌ”. And like &amp; RT this.
Let's grow together
@etsyboostcom ğŸŒŸ
@av_status
@Tz25Gli
@princetoty20
@darknluâ€¦"
1.50454E+18,"RT @sarcastic_trump: Follow them belowÌ”. And like &amp; RT this.
Let's grow together
@etsyboostcom ğŸŒŸ
@av_status
@Tz25Gli
@princetoty20
@darknluâ€¦"
1.50454E+18,"Follow them belowÌ”. And like &amp; RT this.
Let's grow together
@etsyboostcom ğŸŒŸ
@av_status
@Tz25Gli
@princetoty20
@darknluvable
@ISarmetty
@JJAWSTAN
@WanjikuEye
@somwerundrcloud
@GaryBasnett
@CharachRon
@kuuipo14
@EmmantvKe
@KhristopherJnr
@NHFoodie22
@Coopbankenya_2"
1.50454E+18,"https://t.co/sJS7BjoB11

But they did. 5 days agoğŸ˜… https://t.co/maPLMIerAN"
1.50454E+18,"@Coopbankenya @pokotembu *667# not working again, why?"
1.50454E+18,"â¦â¦@Coopbankenyaâ©, what happening? https://t.co/xDvSY9JbBQ"
1.50454E+18,"RT @KIBankers: @Coopbankenya profits have doubled since they began implementing Soaring eagle strategy in 2014.

@KIBankers @mytradesignalsâ€¦"
1.50453E+18,"RT @TheAbojani: BREAKING NEWS:
@Coopbankenya shareholder funds cross Ksh 100bn mark for the first time in their history."
1.50453E+18,"RT @KIBankers: @Coopbankenya profits have doubled since they began implementing Soaring eagle strategy in 2014.

@KIBankers @mytradesignalsâ€¦"
1.50453E+18,@DonaldKOmoro1 @conrad_jLm @Camille22827928 Cc @Coopbankenya
1.50453E+18,@Gitz__ @Coopbankenya
1.50453E+18,@Coopbankenya oyaa i checked our group monthly statement and mlikuwa mmefanya ile kitu(ledger fees) amounting to ksh13000. Mtarudisha ama haitawezekana tujipange.
1.50453E+18,Habari ya jioni @Coopbankenya check dm plz
1.50453E+18,@conrad_jLm @Coopbankenya  this is very wrongi just found it too
1.50452E+18,"RT @AIB_AXYSAfrica: Updated banking sector dividend payments: 
@StanbicKE : Total dividend: Kes 9 
@StanChartKE : Total dividend : Kes 19
@â€¦"
1.50452E+18,@Coopbankenya https://t.co/wlsyCiO25g
1.50452E+18,@Coopbankenya i regret joining this bank
1.50452E+18,"RT @KIBankers: Updated banking sector dividend payments: 
@StanbicKE : Total dividend: Kes 9 
@StanChartKE : Total dividend : Kes 19
@AbsaKâ€¦"
1.50452E+18,Hello @Coopbankenya kwami both your app na UssD code haziko job au mobile banking iko na shida??
1.50452E+18,@Coopbankenya  fix this ASAP https://t.co/PShVbypPRX
1.50452E+18,"RT @KIBankers: @Coopbankenya profits have doubled since they began implementing Soaring eagle strategy in 2014.

@KIBankers @mytradesignalsâ€¦"
1.50452E+18,@Coopbankenya Check DM
1.50452E+18,@Coopbankenya Check dm
1.50451E+18,"@Coopbankenya App is currently rated at 1.4 on Play Store, the comments on those reviews are absolutely hilariousğŸ˜‚ğŸ˜‚"
1.50451E+18,@Coopbankenya check your DM
1.50451E+18,Hi @Coopbankenya
1.50451E+18,"RT @MwangoCapital: 5. Co-operative Bank [@Coopbankenya]: 

https://t.co/JM6HnnaKdW"
1.50451E+18,"RT @KIBankers: @Coopbankenya profits have doubled since they began implementing Soaring eagle strategy in 2014.

@KIBankers @mytradesignalsâ€¦"
1.50451E+18,@Coopbankenya acts like no other banks exist. https://t.co/Zr1oezBRlX
1.50451E+18,"RT @KIBankers: @Coopbankenya profits have doubled since they began implementing Soaring eagle strategy in 2014.

@KIBankers @mytradesignalsâ€¦"
1.50451E+18,"RT @AIB_AXYSAfrica: Updated banking sector dividend payments: 
@StanbicKE : Total dividend: Kes 9 
@StanChartKE : Total dividend : Kes 19
@â€¦"
1.50451E+18,@conrad_jLm @Coopbankenya are just very poor at customer service. I called them the other day and they just told me they were doing a system upgrade. That I should give it one hour after which the code should work. It's one week now.
1.50451E+18,@Coopbankenya I got a call from co-op staffer and the money was reversed but stolen by the same attendant from my mpesa number. 21k was transferred to a pochi la biashara. Too bad the bank has thieves working with safaricom. https://t.co/IByNSMWzpo https://t.co/mf9RtnV7G4
1.50451E+18,@diwageni @GikeraJ @Coopbankenya I had to go physically to the bank for assistance and they re-activated it
1.50451E+18,@ArapTilingi @Coopbankenya ğŸ˜‚ğŸ¤£
1.50451E+18,"@hadijalelei @Coopbankenya He he mutyo, kokopara kapsa pichu amamichi newoljin chi n'gal"
1.50451E+18,@ArapTilingi @Coopbankenya Kakolya..ngaipoisyek ngalek che echen
1.50451E+18,"RT @AIB_AXYSAfrica: Updated banking sector dividend payments: 
@StanbicKE : Total dividend: Kes 9 
@StanChartKE : Total dividend : Kes 19
@â€¦"
1.50451E+18,"@Coopbankenya @Syorainne A connection error try again later 
And by the way can I transfer money from my hekima account to my account using the MCo-opCash 5.0?"
1.50451E+18,"@Coopbankenya 6 days straight up, I haven't been able to access my account! I'm no where near any cooperative bank. So I have to keep depending on someone to send me cash while I have my own cash held hostage by cooperative bank. What a shame!!! @Coopbankenya till when?????????? https://t.co/uJppLcDKtE"
1.50451E+18,"@Coopbankenya @Syorainne First the *667# is asking me for authentication questions and then after answering inasema wrong answers 
The MCo-opCash app is on the other hand displaying errors after i enter my pin 
Third,the MCo-opCash 5.0 is taking time to login and incase it logs in inahang like surely"
1.50451E+18,@Coopbankenya Another 72hrs and still can't access my account. That's 6 days straight up still getting same error. What kind of services are you offering your clients? I'm no where near a cooperative bank branch!!
1.5045E+18,@hadijalelei @Coopbankenya It's really fucked me huku village.
1.5045E+18,@ArapTilingi @Coopbankenya Very very annoying
1.5045E+18,"@Coopbankenya 9 hours later, nothing has been done as advised in the dm and I guess I won't be getting assistance any time soon"
1.5045E+18,"RT @KIBankers: @Coopbankenya profits have doubled since they began implementing Soaring eagle strategy in 2014.

@KIBankers @mytradesignalsâ€¦"
1.5045E+18,"RT @AIB_AXYSAfrica: Updated banking sector dividend payments: 
@StanbicKE : Total dividend: Kes 9 
@StanChartKE : Total dividend : Kes 19
@â€¦"
1.5045E+18,@Coopbankenya Please check your inbox
1.5045E+18,@Coopbankenya *667# not accessible. The technical hitch is inconveniencing.
1.5045E+18,@manu_mwafrika @conrad_jLm @Coopbankenya Pole ğŸ˜­ğŸ˜­@Coopbankenya can you just sort your platforms ou
1.5045E+18,@Coopbankenya
1.5045E+18,RT @MaudhuiHouse: .@Coopbankenya posts a 52.8 percent growth in net year earnings with profit hitting Kes16.5 billion from Kes10.8 billionâ€¦
1.5045E+18,@conrad_jLm @Coopbankenya Ussd
1.5045E+18,@_wambuiwainaina @Coopbankenya On app or ussd?
1.5045E+18,@DarkSkinfave @conrad_jLm @Coopbankenya Lmao made several attempts via app and ussd hadi wakablock account citing wrong pin. Kumbe na hangaika na vitu havifanyi
1.5045E+18,@Coopbankenya check ur DM
1.5045E+18,They( @Coopbankenya )changed a number of things since the update they did on 14th but they can't notify customers smh ğŸ¤¨ğŸ˜¡waliamua tujidishi https://t.co/vzSdK1RAeF
1.50449E+18,@Coopbankenya how do i even go about this kindly help. https://t.co/xjL3j5Xyn2
1.50449E+18,@Coopbankenya kindly check DM
1.50449E+18,VERY BIG JOKERS. Hata poster tu ya Canva @Coopbankenya https://t.co/FncCwyfdzH
1.50449E+18,@Coopbankenya I'll confirm and get back to you thanks
1.50449E+18,Hey @Coopbankenya why am I getting this notification on your new app? Itâ€™s really frustrating! https://t.co/i4dOTscoTE
1.50449E+18,@DarkSkinfave @conrad_jLm @Coopbankenya I have tried all codes none is working
1.50449E+18,@Coopbankenya what is wrong with your ussd?. Why is my account missing. I Cannot transact.  No communication from your end...
1.50449E+18,"@Coopbankenya Good evening
Kindly check dm"
1.50449E+18,"Key highlights of @Coopbankenya Group 2021 financial results.

Interest Income +14% to 55.6 billion

Net Interest Income +13% to 41 billion

Non-funded Income +11% to 19.4 billion

Operating Income +12% to 60.4 billion

Operating Expenses -3% to 38.1 billion https://t.co/T2cejWrcHZ"
1.50449E+18,I think @Coopbankenya has the worst mobile banking app. Frustrations tupu
1.50449E+18,@Coopbankenya @Syorainne Dear @Coopbankenya either respond to my queries or lose me as a client even with my few coins in your account. Your CUSTOMER SERVICE IS PATHETIC BOTH ONLINE AND OFFLINE
1.50449E+18,@Coopbankenya Check DM
1.50449E+18,@Coopbankenya ğŸ‘
1.50449E+18,@Gitz__ Hey @Coopbankenya
1.50448E+18,@Coopbankenya check ur DM
1.50448E+18,@Coopbankenya mobile banking not working from Monday. Whatâ€™s happening!?
1.50448E+18,@Coopbankenya You customer service is poor I am disappointed by your staff who responds rudely to me accidentally I hang up she doesn't call am highly disappointed tomorrow I will obliterate my account from you to @StanbicIBTC
1.50448E+18,How True Us This @Coopbankenya ? https://t.co/yx8f6Go45M
1.50448E+18,RT @kot_mall: @Kenyans @Coopbankenya on top of this you decide to shut your systems we can't withdraw or access our money?
1.50448E+18,@Coopbankenya Kwani hamnaga datağŸ™„
1.50448E+18,RT @Vik_Ngao: @Coopbankenya *667# is not working...I am getting an error that something went wrong try again..am not registered on the mcooâ€¦
1.50448E+18,@TheStarKenya Ofkos...why wouldn't @Coopbankenya profits soar if they've been charging for deposits to accounts??
1.50448E+18,@Gitz__ @Coopbankenya ata kama cleaner
1.50448E+18,RT @BBateta: @Coopbankenya what is going on? https://t.co/bGsVNKIFSF
1.50448E+18,"@conrad_jLm @Coopbankenya The *557# works for me, I don't know why but they should really get their act together"
1.50448E+18,"RT @MwangoCapital: Coop Bank [@Coopbankenya] FY 2021 Results [KES]:

- Total Assets +7.9% to 579.7B
- Loan Book +8.2% to 310.1B
- Customerâ€¦"
1.50448E+18,@Coopbankenya Check your DM. Thanks
1.50448E+18,@Coopbankenya Hey guys! Did you see my DM! Am still stuck
1.50448E+18,@Coopbankenya Thank you for the update.
1.50448E+18,"@Coopbankenya why would you stop USSD without notice ? The app tells me to go to my nearest branch,some of us are out of the country ,how can we access our accounts?"
